cliente_id,nome,email,telefone,cidade,estado,regiao,data_cadastro,genero,idade
1,Brenda Alves,samuel32@example.net,+55 51 8196 0013,Montenegro,ES,Sudeste,2024-12-24,M,65
2,Gael Henrique Silva,ccamara@example.net,+55 84 0265-4235,Borges,PE,Nordeste,2024-01-14,M,32
3,Luiz Henrique Ferreira,caio78@example.org,41 1849 5931,Ribeiro,RS,Sul,2023-05-23,Outro,24
4,Bruno da Conceição,garciaagatha@example.com,21 2553 4192,Castro,DF,Centro-Oeste,2024-05-21,M,55
5,Júlia Porto,ayllavargas@example.org,+55 31 0564-1395,Rezende,RO,Norte,2024-07-17,M,19
6,Natália Casa Grande,joao-lucas38@example.net,+55 71 9696-5328,Borges de Sá,MG,Sudeste,2022-08-15,M,32
7,Eduardo Pires,laviniapeixoto@example.org,51 6978 4801,Vargas Alegre,MS,Centro-Oeste,2022-11-23,Outro,19
8,Pedro Henrique Castro,uabreu@example.net,+55 71 8281-4893,Freitas,DF,Centro-Oeste,2025-08-30,M,63
9,Vitor Hugo Vasconcelos,peixotoayla@example.com,+55 (031) 1543 0391,Siqueira,DF,Centro-Oeste,2024-06-26,F,32
10,Vitor Vargas,jose-miguelribeiro@example.com,81 2489-6383,Guerra da Praia,GO,Centro-Oeste,2024-04-13,Outro,35
11,Milena Campos,raelazevedo@example.com,+55 (031) 9839 3010,Azevedo,SP,Sudeste,2026-04-09,M,62
12,Lucas Barbosa,agatharios@example.com,+55 11 8299-7376,Brito,RO,Norte,2022-10-31,F,35
13,Marina Fogaça,djesus@example.net,+55 (071) 1065 1333,Carvalho de Lima,RS,Sul,2023-03-15,M,66
14,Ravi da Cruz,macedoisis@example.org,+55 (071) 8013 2677,Guerra,MA,Nordeste,2026-04-04,M,23
15,Enzo Garcia,gomesvinicius@example.com,(011) 6872 3430,Souza,PA,Norte,2023-10-03,M,40
16,Benicio Pacheco,hmontenegro@example.org,+55 (081) 8121 9136,Nunes,AM,Norte,2023-06-20,Outro,34
17,Ana Cecília Pinto,leaorebeca@example.com,+55 71 3534-6247,Sá de Minas,RJ,Sudeste,2022-06-17,Outro,47
18,Beatriz Barbosa,nataliada-luz@example.org,(084) 1354 2784,Rios,DF,Centro-Oeste,2025-11-23,M,42
19,Letícia Ribeiro,carvalhovinicius@example.org,+55 51 8244 9353,Montenegro do Amparo,MG,Sudeste,2023-06-28,Outro,36
20,Caleb Porto,cda-mota@example.org,(071) 2427 8680,Barbosa,AM,Norte,2026-03-05,Outro,30
21,Srta. Ísis Andrade,juan62@example.org,(041) 5053 3158,Pinto Grande,MG,Sudeste,2026-05-11,M,60
22,Enrico Cavalcanti,lalves@example.net,(071) 6342 1607,Costa,BA,Nordeste,2025-11-22,F,23
23,Marcela das Neves,pietroalves@example.net,+55 (071) 6541-4586,Alves do Campo,BA,Nordeste,2026-02-24,M,42
24,Felipe Pacheco,breno19@example.com,(084) 5698 1693,Aparecida das Pedras,PE,Nordeste,2022-06-05,F,58
25,Zoe Rodrigues,emanuellalopes@example.org,(071) 9514 8465,Sampaio da Mata,AM,Norte,2024-10-11,M,41
26,Gael Leão,vrocha@example.org,0800-946-8044,Lopes,AM,Norte,2025-10-05,M,60
27,Luna Martins,rmacedo@example.org,31 7214-8951,Rocha,PE,Nordeste,2023-09-28,Outro,61
28,Gael Henrique Casa Grande,aparecidasamuel@example.com,0800-176-9367,da Cruz Grande,MG,Sudeste,2025-03-18,Outro,58
29,Srta. Bianca Vasconcelos,lcamara@example.net,41 7083-1727,Sá dos Dourados,SC,Sul,2025-01-09,Outro,64
30,Dra. Mariane Novaes,vcastro@example.com,(041) 4348-7347,Silva,BA,Nordeste,2023-08-20,M,47
31,João Gabriel Farias,valentina12@example.org,+55 31 6231-6658,Leão de Araújo,PA,Norte,2023-04-20,F,58
32,Maria Julia Vargas,teixeiragabrielly@example.com,+55 (011) 5466 8893,Câmara de da Mata,DF,Centro-Oeste,2024-04-10,M,61
33,Ana Gomes,jade27@example.org,0900-806-9901,Carvalho dos Dourados,MA,Nordeste,2023-03-12,M,32
34,José Pedro Garcia,otavio75@example.com,41 4641 7080,Câmara de Minas,RJ,Sudeste,2025-09-28,F,43
35,Ana Cecília Sá,da-cruzmurilo@example.org,0900-232-7193,Sampaio de da Cunha,PE,Nordeste,2025-09-06,M,31
36,Sr. Danilo Vasconcelos,ana-liviacaldeira@example.net,+55 (041) 4966 3193,Sampaio,MA,Nordeste,2025-09-15,M,59
37,Dante Vieira,ferreirasophia@example.com,31 1850 6716,Porto dos Dourados,MT,Centro-Oeste,2025-06-05,F,74
38,Pedro Henrique Cavalcanti,stephany77@example.com,0900 453 1473,Nunes de Pimenta,GO,Centro-Oeste,2025-04-05,M,34
39,Maitê Alves,lduarte@example.com,+55 11 5454-9480,Barros,RS,Sul,2023-06-12,M,65
40,Sra. Rebeca Novais,maria-lauraramos@example.net,(084) 7014-3634,Melo da Prata,DF,Centro-Oeste,2024-09-04,Outro,34
41,Dr. Yan Farias,maria44@example.com,+55 31 1351-8233,da Mota de Silveira,RO,Norte,2024-12-04,Outro,43
42,Larissa Brito,ana-carolinada-conceicao@example.com,+55 (051) 4082-4008,Sampaio Grande,AM,Norte,2025-02-17,M,26
43,Bella Albuquerque,maria-isis77@example.com,+55 (061) 0471-1671,Cassiano,MS,Centro-Oeste,2023-01-20,F,23
44,Liz Barros,isaacnovais@example.com,0500-993-8677,Pastor das Pedras,RJ,Sudeste,2023-09-20,M,27
45,Ana Liz Pimenta,teixeiraoliver@example.net,+55 11 4123-2812,Jesus,SC,Sul,2024-05-02,Outro,45
46,Dra. Olivia da Rocha,da-conceicaoalicia@example.net,(011) 7134 9361,Ramos,MG,Sudeste,2023-01-20,F,42
47,Diego Barbosa,cavalcanteana-liz@example.net,0300 471 7464,Macedo de Barros,GO,Centro-Oeste,2024-12-18,Outro,34
48,Pedro Sousa,theodoro01@example.org,0500 904 9027,da Mota de Cirino,DF,Centro-Oeste,2024-11-28,M,61
49,Rebeca Borges,aferreira@example.com,(061) 1256 7468,Marques,ES,Sudeste,2022-10-17,Outro,74
50,Dr. Lorenzo Camargo,amoraes@example.net,71 7603-8597,Teixeira de Aragão,DF,Centro-Oeste,2023-04-15,F,67
51,Yan Cardoso,luna71@example.org,0500-324-8086,Câmara,MA,Nordeste,2025-12-31,M,36
52,Ravi Campos,melinasilva@example.com,31 4677-3782,Correia do Galho,RO,Norte,2025-08-05,M,47
53,Bernardo da Mota,yfernandes@example.net,+55 81 0449-9727,Ferreira de Farias,SP,Sudeste,2024-10-07,Outro,74
54,Maria Flor Marques,marcos-vinicius39@example.com,+55 31 6057-6627,Cardoso,PE,Nordeste,2024-07-22,Outro,66
55,Luísa Brito,hbrito@example.com,+55 (021) 2621 7459,Rezende de Minas,SC,Sul,2026-01-16,Outro,24
56,Dr. Liam Pires,cnogueira@example.net,+55 (084) 3431 6117,Sales,CE,Nordeste,2023-09-11,Outro,50
57,Augusto Duarte,da-rochaelisa@example.com,(021) 2386-9222,Pimenta,PR,Sul,2026-02-14,M,41
58,Isabella Monteiro,ravimartins@example.net,+55 61 7407-4821,Ferreira de Pastor,SC,Sul,2023-09-10,Outro,67
59,Mariana Sales,maria-alice43@example.com,(081) 1369-5944,Ribeiro,MS,Centro-Oeste,2024-02-07,M,56
60,Anthony Nunes,pereiramaysa@example.com,+55 31 9533-9421,das Neves,MA,Nordeste,2025-10-10,F,19
61,Ana Beatriz Pacheco,joao14@example.com,84 2328 5884,da Cunha,ES,Sudeste,2026-04-22,F,74
62,Laís Souza,ian71@example.org,+55 21 6851-6048,Marques,CE,Nordeste,2023-12-27,M,21
63,Julia Pacheco,xporto@example.org,+55 31 7098-5931,Sampaio de da Rosa,BA,Nordeste,2025-03-07,Outro,23
64,Bruna Carvalho,andradeana-julia@example.com,+55 61 1382 6758,Pastor Grande,MG,Sudeste,2026-03-09,Outro,49
65,Beatriz Mendonça,cda-mota@example.net,31 3773 5158,Araújo das Flores,MG,Sudeste,2023-08-05,Outro,67
66,Davi Marques,ribeirootavio@example.net,0300-005-3293,Teixeira,RS,Sul,2024-10-10,M,60
67,Henrique da Conceição,juan90@example.com,+55 (011) 2842-1020,Vieira de Goiás,MT,Centro-Oeste,2024-12-03,Outro,28
68,Sr. Erick da Luz,cardosolaura@example.net,+55 61 1775 8917,Pimenta,PE,Nordeste,2022-08-09,Outro,73
69,Dra. Stephany da Rosa,bramos@example.org,(081) 6617-7115,Azevedo,RO,Norte,2022-12-16,M,52
70,Yan Silva,giovanna98@example.com,(051) 8961-1836,da Conceição de Jesus,PR,Sul,2023-11-11,Outro,37
71,Maria Liz Leão,diasleticia@example.com,+55 61 5271-1116,Souza,PA,Norte,2025-07-24,Outro,59
72,Sr. Bento Pastor,joaquim65@example.net,(011) 0494-5198,Cassiano,AM,Norte,2025-03-19,F,75
73,Heloisa Caldeira,emilly14@example.net,+55 21 6899-8094,Cirino,MS,Centro-Oeste,2023-08-01,F,25
74,Sra. Maitê Ferreira,cirinojoao-pedro@example.net,71 1201 8366,Fernandes de Castro,BA,Nordeste,2023-12-29,M,22
75,Luan Vasconcelos,aragaoleonardo@example.org,0900-014-7679,Leão de da Mata,MA,Nordeste,2023-05-03,M,55
76,Bruna Ferreira,scamargo@example.net,0900 784 0369,Abreu,DF,Centro-Oeste,2023-04-16,M,55
77,Heitor Vargas,thomasda-rocha@example.com,+55 71 0762 2683,Barbosa das Flores,BA,Nordeste,2026-01-31,M,22
78,Srta. Maya Almeida,ubarbosa@example.net,(011) 9664-1605,Pinto,RJ,Sudeste,2024-05-17,M,22
79,Sra. Aurora Lopes,da-cruzluiza@example.net,71 8164 5352,Moraes,RJ,Sudeste,2025-02-10,F,22
80,Vinícius Moraes,ceciliaferreira@example.net,+55 (011) 3124-3292,Cavalcanti,MS,Centro-Oeste,2025-09-15,M,35
81,Sabrina Martins,krodrigues@example.net,0900-552-7177,Vieira Paulista,MT,Centro-Oeste,2024-12-07,M,52
82,Luiz Gustavo Montenegro,das-nevesmaria-eduarda@example.com,+55 (051) 0541 1998,Martins Verde,RS,Sul,2024-10-11,Outro,74
83,Srta. Milena Oliveira,aurorapereira@example.com,21 2071-5182,da Cruz,MT,Centro-Oeste,2025-06-06,M,68
84,Maysa Moura,emanuellafreitas@example.com,51 6590 5151,da Paz Paulista,MT,Centro-Oeste,2025-07-01,F,30
85,Clarice Farias,pachecojoao-miguel@example.com,(041) 6291 4865,Rios,ES,Sudeste,2025-05-29,M,60
86,Dra. Valentina Borges,xmoraes@example.org,21 4235 7332,Barbosa,RO,Norte,2023-09-05,F,45
87,Thiago Vargas,ribeirobarbara@example.net,+55 81 9622 2927,Jesus,RO,Norte,2023-12-20,F,73
88,Isabela Macedo,manuela38@example.org,(041) 7359 7746,Castro do Oeste,RJ,Sudeste,2025-10-29,Outro,59
89,Cecilia da Cunha,ramosmaria-luisa@example.com,81 1814-1247,Lopes,ES,Sudeste,2022-10-23,M,43
90,Rael Ferreira,leaocaue@example.com,21 5361-5305,Silva,MA,Nordeste,2025-03-08,M,33
91,Sr. Davi Miguel Andrade,maria-julia27@example.com,0800-010-4328,Camargo da Mata,PR,Sul,2023-06-07,M,52
92,Davi Aragão,larissaporto@example.net,(051) 1179-8089,Silva,GO,Centro-Oeste,2023-01-12,M,45
93,Paulo Abreu,rodrigo96@example.org,+55 21 8518 8888,Gomes,SC,Sul,2026-02-18,F,47
94,Ana Clara Porto,qfreitas@example.net,+55 (031) 5153 1952,Fogaça,BA,Nordeste,2024-09-28,M,46
95,Sr. Ravi Sampaio,lpires@example.org,+55 (084) 7043 0305,Moraes das Flores,DF,Centro-Oeste,2025-11-20,M,21
96,Olívia da Cunha,samateus@example.com,11 0541 5667,Fernandes da Serra,DF,Centro-Oeste,2024-07-12,M,23
97,Sra. Maria Eduarda Moreira,enzo61@example.com,0500-284-5115,das Neves dos Dourados,BA,Nordeste,2024-12-25,M,44
98,Sra. Eloah Sales,cferreira@example.org,11 9640 1658,Alves,MT,Centro-Oeste,2023-01-10,F,31
99,Maysa Andrade,davi-luizda-costa@example.net,21 5690 9275,Macedo de Minas,PA,Norte,2024-11-10,M,28
100,Vinícius Fonseca,pdias@example.com,+55 51 1027 8681,Vasconcelos Paulista,PA,Norte,2025-05-31,M,42
101,Hadassa Pimenta,mariane31@example.org,+55 11 7271 5518,da Rosa da Serra,PE,Nordeste,2025-06-12,F,36
102,Dra. Emanuella Vieira,nicole31@example.org,+55 84 3705 8957,Pimenta,RO,Norte,2026-03-07,Outro,64
103,Benício das Neves,usilva@example.com,51 6691 2517,Rodrigues de Moreira,DF,Centro-Oeste,2023-11-20,Outro,63
104,Yuri Porto,jose-pedrolopes@example.net,+55 (081) 1824 2253,Moreira da Mata,MT,Centro-Oeste,2026-01-07,M,30
105,José Costa,jose49@example.net,+55 31 8299 2299,Nunes do Norte,CE,Nordeste,2025-12-05,M,21
106,Bruno Aparecida,otto96@example.net,+55 (041) 7844 7364,Barbosa de Sales,DF,Centro-Oeste,2022-09-04,M,65
107,Pedro Lucas Leão,nmartins@example.com,0500-255-5625,Dias,MA,Nordeste,2023-06-13,M,21
108,Camila da Mata,jda-cruz@example.org,+55 (071) 4696 3259,Correia da Serra,MT,Centro-Oeste,2024-07-16,Outro,72
109,Nina Monteiro,maysa01@example.com,21 7339-5004,Peixoto de Rezende,MS,Centro-Oeste,2025-04-12,M,21
110,Laura Nascimento,caldeiralorena@example.org,+55 71 5650-6098,Fonseca,MS,Centro-Oeste,2024-10-09,M,72
111,Brayan Gomes,jteixeira@example.com,0900-912-1655,Sá Grande,SC,Sul,2023-04-08,M,56
112,Sophia Guerra,aparecidabreno@example.org,(071) 7872 9825,Castro das Flores,MG,Sudeste,2025-01-15,Outro,73
113,Sra. Maitê Montenegro,ksantos@example.com,(071) 0551-6940,da Luz de Rezende,BA,Nordeste,2025-10-01,F,25
114,Heloísa Silveira,pachecomaria-luiza@example.org,51 9623 0913,Macedo,BA,Nordeste,2023-10-03,Outro,56
115,Clarice Jesus,julianamontenegro@example.net,(071) 0283-8578,Dias da Serra,RJ,Sudeste,2024-05-17,Outro,23
116,Manuela Nogueira,vinicius97@example.org,+55 51 4843 4437,Mendes da Praia,RO,Norte,2024-10-20,Outro,55
117,Sra. Laura Campos,wgoncalves@example.org,(021) 0415 7473,Nascimento,MS,Centro-Oeste,2023-07-29,F,34
118,Júlia Carvalho,pimentarhavi@example.org,+55 (071) 8330 1657,Rodrigues,PR,Sul,2025-09-12,Outro,63
119,André Novaes,joanarezende@example.com,(081) 3454-0193,Cavalcanti,MA,Nordeste,2024-03-13,M,34
120,Arthur Miguel Gonçalves,vcirino@example.com,+55 (051) 0499 1547,Carvalho de Montenegro,PA,Norte,2024-05-30,M,60
121,Gael Camargo,luan74@example.net,+55 (061) 0549-3296,Moraes Alegre,CE,Nordeste,2022-10-15,F,38
122,Aylla Cirino,maria-lizduarte@example.org,+55 (011) 4637 4549,da Luz,MG,Sudeste,2025-03-14,M,47
123,Sr. Bento Rios,martinsana-liz@example.org,71 8414 5933,Mendes,ES,Sudeste,2023-01-26,M,52
124,Maria Fernanda Leão,isa@example.net,+55 11 3918-7851,Araújo,PR,Sul,2025-12-11,Outro,34
125,Sofia Costa,lucasduarte@example.net,(031) 1397-1870,Cardoso de Moraes,RS,Sul,2024-03-09,F,74
126,Ana Laura Novais,zrocha@example.com,+55 (031) 6403 9106,Sampaio de Minas,MG,Sudeste,2024-09-20,M,41
127,Bernardo Melo,da-pazjulia@example.org,+55 84 6567 6618,Rezende,CE,Nordeste,2026-01-29,M,46
128,Sr. Felipe Nascimento,imoura@example.net,+55 21 0047-8686,da Cruz,DF,Centro-Oeste,2024-05-18,Outro,37
129,Sr. João Guilherme Correia,andradelarissa@example.net,+55 (031) 3311 9079,da Cruz,MS,Centro-Oeste,2025-07-27,M,60
130,Murilo Macedo,valentinacunha@example.org,+55 84 8439 5995,da Rosa,DF,Centro-Oeste,2026-02-23,F,60
131,Vicente Câmara,rda-rosa@example.org,84 9268-7056,Sampaio das Pedras,ES,Sudeste,2024-02-27,M,34
132,Kaique Garcia,stephanymelo@example.org,+55 21 4270-8668,Gomes,ES,Sudeste,2023-06-15,M,65
133,Gustavo Farias,machadoester@example.org,61 3046-9901,Teixeira,DF,Centro-Oeste,2024-12-01,M,35
134,Dra. Helena Mendes,brendada-rosa@example.org,+55 11 3173-9363,Vasconcelos da Mata,CE,Nordeste,2024-01-15,Outro,31
135,Yasmin Rezende,ana-liz45@example.net,11 7175-3556,Nunes,MA,Nordeste,2026-02-04,M,61
136,Diogo Almeida,lara42@example.org,(071) 3693 7854,Silveira de Ramos,PE,Nordeste,2025-07-25,Outro,49
137,Natália Cavalcante,lucca28@example.com,+55 (061) 8080-1006,Pires,PE,Nordeste,2023-05-28,M,23
138,Dom Albuquerque,mirellamarques@example.com,+55 (081) 9977 0088,Albuquerque do Sul,RO,Norte,2024-09-02,F,20
139,Sra. Zoe da Paz,montenegrolorena@example.org,+55 51 1823 3984,da Mata das Flores,SP,Sudeste,2022-10-03,F,67
140,Dr. Raul Nunes,raelda-rosa@example.net,+55 21 0166 6870,Sampaio,RS,Sul,2023-02-24,Outro,34
141,Theo Lopes,gabriel80@example.org,+55 11 9740-1489,Cavalcanti,SC,Sul,2026-05-15,Outro,46
142,Sr. Gustavo Henrique Pastor,isabellabarbosa@example.com,+55 (031) 9396-8562,Montenegro,DF,Centro-Oeste,2025-08-04,Outro,45
143,Sr. Carlos Eduardo Lopes,domfernandes@example.net,0800-965-0477,Fogaça,DF,Centro-Oeste,2024-10-09,M,25
144,Marina Cirino,xbarros@example.net,(021) 3114 2626,Fonseca do Campo,MG,Sudeste,2022-10-23,Outro,75
145,Leandro Macedo,vitor-hugo12@example.org,+55 (061) 6788-8610,Fogaça,RS,Sul,2024-10-10,Outro,20
146,Luan Gomes,da-rochajulia@example.com,+55 21 8398 2622,da Rosa Paulista,AM,Norte,2024-07-08,Outro,53
147,Benício Cavalcante,ada-mota@example.com,(081) 1543-7993,Caldeira de Carvalho,RS,Sul,2023-09-19,F,26
148,Miguel Farias,cfarias@example.com,(021) 9245-9375,Gonçalves,RJ,Sudeste,2023-10-11,F,41
149,Samuel Oliveira,ayllagarcia@example.com,61 5193 9828,Siqueira,RJ,Sudeste,2024-05-20,F,31
150,Srta. Maysa da Rocha,vieirajulia@example.net,11 2434-2661,Peixoto de Mendes,BA,Nordeste,2024-11-23,Outro,24
151,Yasmin Montenegro,cnogueira@example.com,61 9113-5290,Sá Alegre,AM,Norte,2025-10-21,Outro,74
152,Bianca Albuquerque,da-luzpedro-miguel@example.net,41 8993-7567,Ferreira,RO,Norte,2022-07-11,Outro,65
153,Bella da Rocha,hbarros@example.net,+55 (011) 5457-3875,Brito de Macedo,RS,Sul,2025-06-28,M,73
154,Sra. Luiza Azevedo,caio10@example.com,+55 51 2382 8258,Martins de Goiás,SC,Sul,2025-10-24,M,74
155,Ester Cirino,bgoncalves@example.net,0800-379-6603,da Mota,RO,Norte,2025-08-14,M,29
156,Srta. Bella Nascimento,emanuellyduarte@example.org,(051) 1478-5969,Pastor do Campo,MA,Nordeste,2023-11-25,F,69
157,Dr. Erick Rocha,enzo-gabriel25@example.org,+55 41 4125-2866,Oliveira,BA,Nordeste,2024-01-20,F,28
158,Ester Mendonça,lucas-gabrielmendonca@example.com,+55 84 2579 0507,Correia,ES,Sudeste,2025-11-20,F,73
159,Sofia Rezende,rjesus@example.com,84 7721 9034,da Mota,RJ,Sudeste,2023-05-18,F,32
160,Laura Cavalcante,vnunes@example.com,81 8191-4858,Teixeira,PR,Sul,2025-06-23,F,40
161,Ísis Cunha,vcaldeira@example.net,+55 51 4074 5171,Costela,CE,Nordeste,2025-11-13,M,32
162,Dra. Marcela Santos,ncavalcante@example.org,+55 (084) 3095-8498,Duarte,SP,Sudeste,2025-05-31,Outro,30
163,João Vitor Oliveira,olivia12@example.com,+55 (081) 4223 2536,Casa Grande de Oliveira,PA,Norte,2025-02-09,F,35
164,Oliver Garcia,obarbosa@example.org,71 8457 7590,Siqueira,MG,Sudeste,2024-05-15,F,40
165,Maria Alice Azevedo,bcunha@example.org,11 4545-8929,Viana de Fernandes,MS,Centro-Oeste,2026-03-23,F,61
166,Ana Julia Aparecida,piresmaria-clara@example.org,+55 71 2770 6324,da Mota,DF,Centro-Oeste,2022-10-25,F,19
167,Maria Cecília da Cunha,freitaslucas@example.org,61 4361 1037,Cardoso,ES,Sudeste,2024-12-11,F,29
168,Valentim Rodrigues,aalbuquerque@example.net,(081) 1627 1361,Caldeira,PE,Nordeste,2023-10-02,M,24
169,Dr. Davi Miguel Garcia,joao-pedroazevedo@example.net,0300 092 7532,Pimenta dos Dourados,RO,Norte,2026-01-28,F,64
170,Caio Brito,josuepastor@example.net,51 5652 3413,Vasconcelos do Sul,MA,Nordeste,2026-01-10,F,56
171,Liz Costela,heloisada-rocha@example.net,+55 (071) 3761 3791,Fonseca,MS,Centro-Oeste,2026-05-23,M,42
172,Sr. Mathias Nunes,ifonseca@example.net,+55 (051) 7109-1043,Araújo,PR,Sul,2025-10-11,F,20
173,Sofia da Paz,slima@example.com,+55 21 8892 4141,Cassiano,RO,Norte,2024-09-13,M,51
174,Dr. Benício das Neves,psiqueira@example.org,+55 51 1617 9904,Campos,DF,Centro-Oeste,2022-06-22,Outro,64
175,Srta. Alexia Castro,hferreira@example.net,+55 71 2524-1056,Moura de Minas,PR,Sul,2023-07-16,F,45
176,Dra. Ana Vitória Monteiro,xmoraes@example.org,11 9252-4191,Sousa,MG,Sudeste,2024-08-01,Outro,39
177,Augusto Albuquerque,calebmelo@example.com,51 2208 6353,Silveira Alegre,MA,Nordeste,2023-07-29,Outro,72
178,Marcelo Campos,cavalcantipietro@example.net,+55 (061) 6174 4518,Albuquerque de Freitas,ES,Sudeste,2023-04-10,Outro,75
179,Kevin Sousa,maria-fernandafreitas@example.net,11 3832-0603,Porto do Sul,CE,Nordeste,2023-11-05,Outro,37
180,Marcos Vinicius Sousa,gustavo-henrique38@example.org,84 7024 1038,Sampaio da Praia,RO,Norte,2024-05-15,F,43
181,Srta. Aylla Montenegro,isabelbarbosa@example.net,0300 062 3445,Sampaio Alegre,CE,Nordeste,2023-10-10,Outro,26
182,Júlia da Conceição,costajoao-gabriel@example.net,+55 51 2127 7561,Vargas do Oeste,PR,Sul,2024-05-05,F,60
183,Ravi da Luz,borgeslevi@example.net,(031) 9035 2135,Moraes do Norte,PA,Norte,2025-04-19,Outro,65
184,José Pedro Cavalcanti,guerramarcela@example.net,81 3171-2100,Cardoso,SC,Sul,2023-04-06,Outro,54
185,Maria Fernanda Rodrigues,pachecovalentim@example.org,+55 (031) 1372 1510,Aragão de Cavalcante,CE,Nordeste,2026-05-08,F,53
186,Marina Silveira,bmonteiro@example.com,(011) 2532-4472,Pimenta,SP,Sudeste,2025-01-19,F,36
187,Isabelly Ramos,melina68@example.com,+55 (081) 1462 6383,Garcia,PR,Sul,2025-09-29,F,68
188,Sra. Pietra Nogueira,kferreira@example.net,(061) 6420 5930,Araújo do Amparo,MA,Nordeste,2024-09-02,F,46
189,Sr. Emanuel Brito,rodrigoda-mata@example.net,+55 (081) 3965 2239,Sousa da Praia,GO,Centro-Oeste,2026-04-22,Outro,31
190,Ana Santos,joao-miguel93@example.com,71 4270-1039,Almeida,MS,Centro-Oeste,2024-08-28,F,68
191,Agatha Farias,jose-pedrofernandes@example.net,+55 (051) 5002-9218,Barbosa da Praia,SC,Sul,2025-06-01,Outro,23
192,Maria Laura Pastor,fernandesana-julia@example.com,+55 84 2675 2895,Rios,CE,Nordeste,2024-12-03,Outro,60
193,Marcos Vinicius das Neves,jose-miguel20@example.net,0500 690 2959,Porto,MA,Nordeste,2024-10-28,M,70
194,Theo Casa Grande,eduardo35@example.com,+55 (041) 1570-4331,da Cunha do Campo,BA,Nordeste,2025-06-26,Outro,37
195,Benicio Gomes,asiqueira@example.org,81 7658 6179,Castro,BA,Nordeste,2024-05-04,M,27
196,Arthur Gabriel da Rocha,diasvicente@example.org,+55 11 5262 1815,Santos de Alves,SP,Sudeste,2024-04-03,M,33
197,Eloah Pereira,dcastro@example.org,(071) 3368 8444,Brito,MT,Centro-Oeste,2022-08-19,Outro,72
198,Rebeca Cassiano,fonsecaandre@example.com,+55 31 4973 1032,Barros do Amparo,MG,Sudeste,2026-01-03,F,44
199,Leandro Viana,fmelo@example.net,+55 71 1862-5652,Aparecida de da Luz,PR,Sul,2024-04-16,Outro,62
200,Julia Câmara,davi21@example.org,(084) 8693 8068,Nascimento do Amparo,PA,Norte,2024-11-08,F,43
201,Renan da Rosa,goncalvesbernardo@example.net,0500 899 2172,Cunha,BA,Nordeste,2025-11-09,M,59
202,Davi Lucas Aparecida,rbarros@example.com,+55 (081) 2945-1168,Novaes Alegre,SP,Sudeste,2026-01-23,M,67
203,Vicente Marques,vianarebeca@example.com,+55 61 6229 9911,Viana,RO,Norte,2023-08-21,M,29
204,Manuella Jesus,hadassa79@example.net,(071) 0246-2996,Gonçalves,MS,Centro-Oeste,2026-03-15,F,21
205,Sr. Benicio Souza,xda-mata@example.org,(081) 4447 1324,Vasconcelos de Duarte,DF,Centro-Oeste,2023-07-26,M,72
206,Sra. Aurora Correia,acunha@example.net,(084) 8508-2148,Carvalho do Galho,ES,Sudeste,2026-02-27,F,26
207,Ana Cavalcanti,muriloaraujo@example.org,+55 (051) 7053 4578,Porto do Campo,GO,Centro-Oeste,2025-04-26,Outro,51
208,Isaque Freitas,cpeixoto@example.org,(071) 9855-2414,Gomes,DF,Centro-Oeste,2022-08-19,Outro,38
209,Heitor Câmara,noahda-mata@example.net,81 8007 2290,da Cunha,GO,Centro-Oeste,2025-01-03,Outro,70
210,João Guilherme Lima,dferreira@example.com,+55 11 7489-6910,Novais da Mata,MS,Centro-Oeste,2023-09-09,F,71
211,Bianca Mendes,fernandesyuri@example.net,(061) 4443 2830,Ribeiro Alegre,DF,Centro-Oeste,2025-04-25,F,75
212,Apollo Rezende,qda-rocha@example.com,71 6099 3538,Rios de Fogaça,SC,Sul,2024-07-30,Outro,73
213,Enzo Gabriel Ribeiro,ana-beatrizbrito@example.com,+55 81 4825 1353,Leão Alegre,MT,Centro-Oeste,2024-01-01,F,34
214,Juan Martins,melocaue@example.net,0800 991 7381,Moura da Mata,BA,Nordeste,2024-03-05,Outro,35
215,Dom Carvalho,carolinejesus@example.net,(051) 2521-7525,Abreu,MS,Centro-Oeste,2024-05-05,F,58
216,Gustavo Henrique Teixeira,liammendonca@example.org,+55 81 9666 6760,Nascimento,BA,Nordeste,2023-04-08,F,46
217,Sra. Alice Duarte,arthur-miguelrocha@example.org,+55 51 3542 1689,Cavalcante de Minas,MG,Sudeste,2025-12-03,Outro,36
218,Kaique da Rocha,hsiqueira@example.net,51 5625 7532,Almeida de Goiás,BA,Nordeste,2023-05-17,F,39
219,Srta. Hadassa Siqueira,pastormirella@example.org,+55 71 5064 8909,Ribeiro,MA,Nordeste,2022-11-17,Outro,23
220,Alícia Aragão,leaolivia@example.com,+55 71 8472 3046,Ribeiro,RS,Sul,2024-08-19,M,32
221,Davi Miguel Leão,moraesisaac@example.com,+55 61 1739 3483,Santos das Pedras,PA,Norte,2023-09-04,Outro,27
222,Asafe Novaes,scostela@example.com,(071) 3001 1972,Vasconcelos,PR,Sul,2024-08-05,M,44
223,Carlos Eduardo da Cunha,maria-aliceda-rocha@example.com,(061) 0120-4556,Brito,RO,Norte,2026-01-15,F,52
224,Anthony Carvalho,bellafogaca@example.com,0900-415-5216,Marques Paulista,GO,Centro-Oeste,2025-12-22,F,21
225,Pietra Leão,henry-gabrielcardoso@example.net,+55 (081) 2169 7972,Vasconcelos da Praia,PR,Sul,2025-01-07,F,42
226,Davi Lucca Mendes,acamargo@example.com,+55 (061) 1450 8993,Moreira do Galho,SP,Sudeste,2025-05-07,Outro,42
227,Dra. Aylla Lopes,maria-luisaferreira@example.net,51 2890 0287,Cavalcante de Barbosa,MT,Centro-Oeste,2025-08-13,M,40
228,Luna da Costa,agatha08@example.org,81 6631-7797,Monteiro,CE,Nordeste,2024-04-27,F,72
229,Sr. Theo Souza,caldeiraisis@example.com,+55 (051) 8801 9948,Rezende,RO,Norte,2025-04-11,Outro,65
230,Manuela Fonseca,camaramaria@example.com,84 9975-7113,Fernandes,DF,Centro-Oeste,2023-12-06,Outro,75
231,Lavínia Novaes,heitor02@example.com,+55 84 6149 3316,Marques,BA,Nordeste,2025-12-04,F,32
232,Lucca Caldeira,oaparecida@example.net,0900 177 9827,Moura,PE,Nordeste,2025-07-20,F,49
233,Yuri Lopes,xmoraes@example.org,0800 221 6995,Leão de Goiás,SP,Sudeste,2023-08-02,F,39
234,Manuela da Rocha,icarvalho@example.com,0500-848-5833,Pinto,PA,Norte,2025-06-16,Outro,28
235,Luiz Felipe Rocha,luiz-henriquemontenegro@example.net,(061) 1587 9968,Lima do Sul,GO,Centro-Oeste,2024-08-23,M,57
236,Apollo Garcia,cauerios@example.org,+55 (081) 4244-2043,Fogaça,DF,Centro-Oeste,2025-11-18,M,43
237,Bella Pimenta,heloisada-costa@example.net,(011) 0666 5800,Costa dos Dourados,SP,Sudeste,2025-12-13,M,59
238,Léo Sá,mathiasda-rocha@example.com,+55 (051) 1228-1606,Novais Paulista,RO,Norte,2022-12-22,M,73
239,José Miguel Abreu,maria-flor20@example.org,(061) 9094 7985,Viana,GO,Centro-Oeste,2025-06-06,M,21
240,Sr. Francisco Moreira,vianamirella@example.org,84 8861 5335,Fonseca da Mata,PE,Nordeste,2023-05-08,F,38
241,Vitória Melo,camargocecilia@example.com,+55 41 9930-5616,Nogueira da Mata,PR,Sul,2022-07-11,F,38
242,Maria Fernanda Moraes,cmendonca@example.com,+55 (071) 5811-2880,Costela,MA,Nordeste,2025-04-09,F,35
243,Hadassa Rodrigues,ncaldeira@example.net,(021) 1207-5011,Cavalcanti,RO,Norte,2025-10-18,F,71
244,Brayan Oliveira,valentimjesus@example.com,(041) 6650-6180,Sá,MG,Sudeste,2025-08-04,F,19
245,Ana Clara Sampaio,fogacamilena@example.org,(021) 4914 7660,Castro de Nascimento,DF,Centro-Oeste,2023-05-10,M,40
246,Matteo Vieira,joao-pedro45@example.org,81 8210-0996,das Neves,BA,Nordeste,2023-04-25,Outro,22
247,Dra. Manuella Cunha,gramos@example.org,+55 (031) 2394-3129,Sá,RJ,Sudeste,2026-05-21,M,33
248,Nicole Ramos,da-rochadavi-luiz@example.com,+55 41 3975 5231,Pinto de Minas,PR,Sul,2026-04-01,M,57
249,Liam Mendonça,nfarias@example.net,(041) 9299 5562,Dias,RS,Sul,2023-06-20,M,26
250,Pedro Henrique da Mota,joao-felipe57@example.com,(041) 5478-1291,Carvalho da Prata,MT,Centro-Oeste,2023-04-04,Outro,25
251,Breno Siqueira,almeidanatalia@example.net,+55 (041) 9969 3084,Rezende de Vasconcelos,PR,Sul,2023-01-19,F,62
252,Dr. Henry Gabriel Vargas,joao-felipe78@example.net,+55 31 6580 3928,Machado,PE,Nordeste,2023-02-05,F,28
253,Diogo Sousa,cfogaca@example.org,(084) 3145-3038,Gomes do Amparo,ES,Sudeste,2026-04-28,M,37
254,Ana Clara Aparecida,gustavo84@example.net,+55 71 9892-6659,Moreira,ES,Sudeste,2023-06-28,Outro,19
255,Heloisa Moreira,wfogaca@example.com,(081) 9082-7231,Cunha Grande,CE,Nordeste,2023-03-20,Outro,61
256,Luiz Miguel Pereira,ribeiroraul@example.com,(071) 1777 3926,da Cruz,PA,Norte,2022-08-09,F,63
257,Enrico Carvalho,oliveirajuan@example.org,+55 (041) 4286-9904,Cunha,PR,Sul,2024-04-30,M,55
258,Olivia Mendes,pedro-lucasjesus@example.net,+55 (011) 9298-4257,da Conceição,BA,Nordeste,2024-01-11,M,62
259,Caroline Caldeira,costarebeca@example.net,84 2912 7990,Borges,CE,Nordeste,2024-06-21,Outro,56
260,Caroline Pereira,vasconceloslorena@example.net,84 5086 3765,Lima,ES,Sudeste,2022-12-27,Outro,68
261,Rhavi Vargas,enzoda-paz@example.net,71 6430-0981,Garcia,RJ,Sudeste,2025-03-15,F,52
262,Levi Jesus,heitor26@example.net,0800 448 6959,Rodrigues das Flores,RO,Norte,2025-08-18,Outro,41
263,Noah Novaes,xcavalcanti@example.net,84 7449-5621,Machado,MG,Sudeste,2025-10-01,Outro,59
264,Srta. Beatriz Cunha,vviana@example.net,0800-026-0127,Borges de Minas,MA,Nordeste,2023-07-16,M,72
265,Léo Barros,silveirahadassa@example.com,0800-849-0277,Costa,RO,Norte,2026-01-14,F,24
266,Stella da Paz,bernardoviana@example.net,31 8392-0530,Borges,RO,Norte,2023-08-05,F,58
267,Maria Rios,lguerra@example.org,41 0118-4895,da Mota de Goiás,GO,Centro-Oeste,2024-12-30,Outro,27
268,Rafael Guerra,da-luzluiz-fernando@example.com,21 1818-4518,Nascimento Verde,RO,Norte,2023-06-26,M,64
269,Sra. Maria Flor Nunes,pvargas@example.com,(051) 7907-1416,Rocha,MS,Centro-Oeste,2025-05-27,Outro,35
270,Levi Jesus,pietra80@example.net,+55 71 3416-5182,Dias de Fogaça,DF,Centro-Oeste,2023-05-08,F,47
271,Juliana Cirino,melinasousa@example.org,+55 41 3433-3395,Vasconcelos,RO,Norte,2022-11-15,Outro,55
272,Bruno Rocha,apimenta@example.net,+55 (061) 7595 7947,Teixeira,PE,Nordeste,2026-04-25,F,72
273,Lara Gonçalves,jose-miguelaragao@example.net,(011) 7808-5627,Sampaio,BA,Nordeste,2024-08-16,M,35
274,Luara Sales,albuquerqueotto@example.com,0800 155 9428,da Costa Paulista,GO,Centro-Oeste,2024-06-04,M,66
275,Manuela Fonseca,melinalima@example.org,84 5564 7292,Brito,GO,Centro-Oeste,2025-06-26,Outro,57
276,Isaac Novais,mgarcia@example.org,+55 (021) 7026-7288,Viana do Amparo,PA,Norte,2023-09-12,F,19
277,Benicio Gonçalves,salesluan@example.org,+55 11 4717-5455,Ferreira do Sul,MT,Centro-Oeste,2024-03-03,F,29
278,Luiz Fernando Rocha,stephanycavalcanti@example.com,11 5877 1694,Pires de Casa Grande,MT,Centro-Oeste,2026-02-10,M,40
279,Lucca Leão,fbarbosa@example.org,(081) 3554 4964,Vasconcelos de Fonseca,PE,Nordeste,2025-08-07,F,35
280,Stephany Machado,lcavalcante@example.org,+55 81 3413 2611,Melo,PE,Nordeste,2024-10-01,Outro,18
281,Apollo Vargas,wmoura@example.org,+55 51 4921 6433,Macedo Grande,MS,Centro-Oeste,2022-12-23,M,23
282,Eloá Alves,ribeiroeduarda@example.com,(071) 7848-7282,Pires de Souza,BA,Nordeste,2025-02-14,Outro,44
283,Maya Moura,cecilia78@example.org,+55 31 7456 4240,Moreira,MT,Centro-Oeste,2025-11-20,Outro,66
284,Luiz Felipe da Paz,anascimento@example.net,(084) 7406-4930,Correia das Pedras,BA,Nordeste,2026-03-04,Outro,48
285,Maya Gonçalves,luansilva@example.net,51 6341 6389,da Paz da Prata,MT,Centro-Oeste,2025-11-10,F,68
286,Noah Correia,cirinojoao-gabriel@example.com,+55 61 7974 9735,Cassiano,SP,Sudeste,2022-08-19,M,36
287,Alícia Cirino,da-pazvitor-gabriel@example.org,(031) 0312-0735,das Neves do Amparo,BA,Nordeste,2023-12-31,F,62
288,Ana Beatriz Farias,sajoao-vitor@example.org,+55 81 6187-2346,Campos,BA,Nordeste,2025-09-08,F,60
289,Srta. Maria Isis Vargas,vda-cruz@example.org,+55 (081) 7183-7645,Pires,AM,Norte,2025-07-08,F,53
290,Yan Moreira,da-cunhamaria-luisa@example.net,(031) 3503 1365,Cavalcante,MS,Centro-Oeste,2025-10-19,F,45
291,Dante Gonçalves,antonyaparecida@example.net,(071) 9251-3271,Teixeira do Norte,DF,Centro-Oeste,2022-09-03,F,40
292,Sr. Vitor Gabriel Vieira,cardosomariah@example.org,(051) 8573 0652,Aparecida do Amparo,GO,Centro-Oeste,2025-06-04,F,37
293,Laís Nogueira,kcorreia@example.org,71 5574-9821,Machado,PE,Nordeste,2023-09-05,M,25
294,Vitor Hugo Fonseca,xabreu@example.net,21 6209-5935,Ribeiro,PR,Sul,2024-09-17,F,25
295,Esther Moura,jvargas@example.org,0800-456-5118,Aparecida,DF,Centro-Oeste,2025-12-21,Outro,29
296,Felipe Andrade,heitormendonca@example.org,+55 41 0967 8994,Fonseca,PR,Sul,2023-05-11,M,65
297,Ana Sophia Albuquerque,marianebarros@example.com,+55 (081) 5865 0948,Siqueira,MT,Centro-Oeste,2022-09-20,F,64
298,Breno Cunha,britoravi@example.net,51 3383 9288,Souza do Campo,MS,Centro-Oeste,2025-09-05,Outro,36
299,Maria Alice Rocha,qsampaio@example.com,+55 51 2286 8528,Fogaça de Dias,ES,Sudeste,2024-10-04,M,36
300,Dr. Noah Teixeira,usilveira@example.net,+55 41 9836-8457,Gonçalves de Abreu,BA,Nordeste,2025-07-05,F,29
301,João Miguel Peixoto,moreirajoao-gabriel@example.com,+55 (011) 4335 0488,Brito,CE,Nordeste,2022-07-31,M,63
302,Maria Alice Cassiano,viniciusfonseca@example.net,+55 51 3441 9693,Silveira,DF,Centro-Oeste,2023-10-20,M,35
303,Emanuella Mendonça,peixotoana-clara@example.org,0500 610 5566,Vargas,RJ,Sudeste,2023-05-21,M,53
304,Dra. Alexia Porto,taragao@example.net,+55 (061) 5892 5832,Rocha,CE,Nordeste,2025-07-13,Outro,26
305,Melissa Sá,camaraluana@example.com,61 2251 7908,da Luz de Minas,MT,Centro-Oeste,2024-02-12,M,73
306,Maya Vasconcelos,joao-gabrielmendes@example.net,+55 (081) 7693-8983,Barbosa,SP,Sudeste,2023-07-21,Outro,36
307,Luna Rodrigues,camargojulia@example.com,21 5355 9042,Pimenta dos Dourados,MT,Centro-Oeste,2025-01-26,F,46
308,Pedro Lucas Aparecida,murilorodrigues@example.com,+55 (021) 1103-9240,Sales do Campo,MA,Nordeste,2023-09-19,M,21
309,Olivia Almeida,otto83@example.org,71 8487-9206,da Cunha,PE,Nordeste,2023-02-22,F,25
310,João Miguel Costa,caue70@example.org,51 4510 4636,Dias,MG,Sudeste,2024-06-24,F,49
311,Yasmin Borges,miguelmontenegro@example.com,84 0038-4576,Almeida,MG,Sudeste,2023-11-23,Outro,58
312,Maria Fogaça,ravy84@example.org,+55 61 6084-3256,Borges,RJ,Sudeste,2025-07-10,M,27
313,Stephany Rocha,larada-costa@example.net,+55 (021) 6495-7823,Pacheco,CE,Nordeste,2024-09-20,M,33
314,Gabriela Carvalho,sabrina26@example.org,0300 251 8812,Casa Grande do Sul,ES,Sudeste,2025-09-04,Outro,66
315,Dr. Noah da Rosa,osouza@example.net,+55 84 2312-2099,Pereira Verde,RO,Norte,2025-01-09,Outro,56
316,Igor da Conceição,fogacaemanuel@example.net,(081) 2897-5267,Carvalho de Castro,BA,Nordeste,2023-03-30,Outro,42
317,Arthur Gabriel Jesus,da-matajulia@example.org,+55 (081) 3127-9757,Lima,GO,Centro-Oeste,2024-02-21,F,37
318,Mateus Silveira,isabel99@example.net,61 8081-7703,Sousa do Norte,RO,Norte,2024-10-16,F,54
319,Stella Teixeira,correiaana@example.com,61 4472 6490,Martins,RJ,Sudeste,2025-12-13,Outro,65
320,Milena Borges,cirinozoe@example.org,61 6570 2793,Borges de da Cunha,ES,Sudeste,2023-10-19,M,58
321,Dra. Elisa Silva,borgesian@example.net,(041) 5186-8926,Aparecida da Serra,PR,Sul,2026-04-20,F,60
322,Sr. Enrico Casa Grande,caualeao@example.com,(041) 7421 2309,Albuquerque dos Dourados,MG,Sudeste,2024-07-15,M,33
323,Ísis Abreu,nda-costa@example.net,(071) 7671-9903,Pinto da Prata,SC,Sul,2025-11-28,Outro,22
324,Benicio Cirino,danielrezende@example.com,+55 (051) 2099 4510,Leão,SC,Sul,2023-03-06,M,44
325,João Miguel Pimenta,maria-alicesouza@example.net,21 0145 5616,da Rocha,GO,Centro-Oeste,2024-06-03,Outro,56
326,Davi Sales,bella86@example.net,+55 (084) 3901-9817,Lima Alegre,MT,Centro-Oeste,2023-07-11,F,20
327,Maria Cardoso,umoreira@example.net,11 7293-4301,Martins,BA,Nordeste,2025-01-29,F,63
328,Gustavo Henrique Pimenta,cjesus@example.com,(084) 8303 4414,Montenegro da Prata,CE,Nordeste,2023-10-19,Outro,73
329,Danilo Rodrigues,carolina69@example.net,+55 (041) 2355 7702,Cassiano de Pires,GO,Centro-Oeste,2024-05-18,M,61
330,Lívia Martins,dsouza@example.net,(031) 9588 0395,Azevedo Grande,BA,Nordeste,2023-08-12,F,68
331,Lucca Garcia,heloisacirino@example.net,+55 61 4504 6173,Machado da Mata,PR,Sul,2023-05-04,F,25
332,Liz Cavalcanti,freitasbreno@example.org,+55 31 7807 8235,Siqueira de Moura,DF,Centro-Oeste,2023-09-28,M,59
333,Sr. Carlos Eduardo Moreira,noahsilveira@example.org,(051) 6810-4091,Martins do Norte,RS,Sul,2022-11-10,F,70
334,Luana Almeida,otto53@example.org,(011) 4857 1422,Camargo do Sul,RS,Sul,2025-01-25,M,21
335,Sophie Caldeira,vitoriaferreira@example.net,(051) 4249 3214,Nogueira dos Dourados,SC,Sul,2022-08-20,F,56
336,Arthur Melo,caldeirahadassa@example.org,+55 31 6629 9795,Farias do Oeste,CE,Nordeste,2025-06-14,F,25
337,Yasmin Barros,inunes@example.org,(061) 1747-7332,Fonseca das Flores,GO,Centro-Oeste,2023-03-14,Outro,37
338,Dra. Luísa Viana,maria70@example.org,(071) 1577-2459,Moraes,PA,Norte,2022-11-09,F,50
339,Bianca Duarte,vieiraana-julia@example.net,(061) 6963-9382,Gomes de Azevedo,DF,Centro-Oeste,2023-11-14,F,46
340,Pedro Viana,ynunes@example.com,71 3219-7199,Duarte de Novais,MG,Sudeste,2022-11-01,Outro,20
341,Emanuelly das Neves,mazevedo@example.org,0300-657-0132,Sá,RO,Norte,2023-01-16,Outro,38
342,Clarice Machado,heloisa99@example.com,+55 (081) 3549-4651,Pimenta,PE,Nordeste,2024-08-03,M,23
343,Carolina da Rocha,freitasisis@example.org,+55 (011) 8514 0369,Pires Alegre,BA,Nordeste,2025-06-12,Outro,71
344,Maria Luiza Garcia,nnogueira@example.net,+55 (051) 7238-6562,Rios Grande,SP,Sudeste,2022-12-28,Outro,70
345,Brayan Ramos,casa-grandemariah@example.net,(021) 2126-7969,Marques,PE,Nordeste,2024-08-02,Outro,20
346,Milena Gomes,rael26@example.net,+55 (011) 9738 4689,Andrade do Norte,SC,Sul,2024-11-01,F,51
347,Maria Eduarda Camargo,fsales@example.org,51 4781 8913,Pires de Sousa,GO,Centro-Oeste,2025-03-30,F,29
348,Ana Vitória Rodrigues,caue58@example.org,(071) 7879-5654,Cavalcante do Norte,RO,Norte,2025-05-17,Outro,70
349,Liz Siqueira,davi79@example.org,0500 049 0471,Montenegro,MT,Centro-Oeste,2022-09-30,M,48
350,José Cardoso,yan40@example.net,+55 61 9292 7524,Mendonça,AM,Norte,2023-03-10,F,39
351,Ana Beatriz Fernandes,casa-grandeleandro@example.com,81 6372 3950,Sá do Campo,MA,Nordeste,2022-08-23,Outro,24
352,Ravi Guerra,eda-rosa@example.net,61 3667-4286,da Paz,SC,Sul,2026-05-13,F,44
353,Maria Helena Rocha,sofia01@example.net,11 6945 4414,Martins de Goiás,MT,Centro-Oeste,2025-07-17,F,60
354,Evelyn Moreira,luiz-miguel58@example.org,+55 (021) 1061 8175,Silveira,PA,Norte,2023-08-17,Outro,20
355,Gael Andrade,pintofrancisco@example.org,0300-391-1192,Ribeiro Verde,GO,Centro-Oeste,2025-11-01,M,38
356,Daniel Sampaio,thiagoda-rocha@example.com,+55 11 7465 4214,Garcia,PE,Nordeste,2024-01-27,F,25
357,Sr. José Pedro da Luz,lunnaazevedo@example.com,+55 (081) 9627-1286,Pimenta,PA,Norte,2025-02-26,Outro,70
358,Pedro Miguel Silva,gustavo01@example.org,0500 470 7200,da Mata Grande,SP,Sudeste,2025-05-25,Outro,73
359,Dr. Alexandre Moraes,bmendes@example.com,+55 (084) 8306 7198,Farias da Mata,DF,Centro-Oeste,2024-02-15,F,44
360,Caleb Fonseca,enrico74@example.net,+55 (081) 2806-3461,Mendonça de Minas,RJ,Sudeste,2026-03-09,M,51
361,Maysa Sousa,joao-lucasandrade@example.org,+55 (041) 9376 1847,Almeida de Andrade,AM,Norte,2023-11-12,Outro,66
362,Lucca Viana,guerraisaac@example.org,41 7829-3102,Rezende de Almeida,MT,Centro-Oeste,2024-06-04,Outro,46
363,Ana Clara da Cruz,arthurcavalcanti@example.net,+55 (071) 4179 2911,Monteiro,RJ,Sudeste,2024-12-13,M,35
364,Hellena Azevedo,leticiafernandes@example.net,71 5198 2530,Farias,DF,Centro-Oeste,2022-09-09,M,36
365,João Guilherme Casa Grande,scavalcante@example.com,81 2739-0219,Vasconcelos da Serra,GO,Centro-Oeste,2022-06-27,Outro,49
366,Anna Liz Abreu,cavalcantifelipe@example.net,0900 467 2324,Jesus de da Costa,ES,Sudeste,2026-05-30,M,58
367,Arthur Miguel Peixoto,melinapimenta@example.org,(031) 5608 3318,Pinto,BA,Nordeste,2023-12-17,Outro,28
368,Sofia Câmara,ovargas@example.net,+55 (084) 4031-2772,Rios,CE,Nordeste,2026-05-06,Outro,18
369,Benjamim Ramos,alice36@example.com,(071) 9701 0822,Mendonça,DF,Centro-Oeste,2024-08-10,F,23
370,Brayan da Costa,lpastor@example.com,84 3531 5313,Costa das Flores,BA,Nordeste,2026-03-18,M,47
371,Brayan Melo,baragao@example.org,+55 11 9726-5273,da Mata do Oeste,ES,Sudeste,2023-11-06,Outro,71
372,Arthur Gabriel Sales,da-motajoao-gabriel@example.org,(061) 7625-3492,Oliveira,RS,Sul,2024-10-08,F,63
373,Caio Jesus,lcunha@example.com,(061) 4063-3569,Pastor,CE,Nordeste,2023-01-20,Outro,63
374,Alana Leão,aparecidamaria-isis@example.net,21 0686-7177,Barros,PE,Nordeste,2024-10-17,F,71
375,Nicolas Cunha,elisada-rocha@example.org,+55 31 0742 7990,Martins de Vargas,MT,Centro-Oeste,2023-01-04,F,33
376,Sra. Ester Vieira,maria-fernanda01@example.com,(071) 8046 4989,Viana,GO,Centro-Oeste,2025-05-01,Outro,27
377,Lucas Gabriel Sousa,moraesemanuella@example.org,+55 61 6579 0552,Novais,PA,Norte,2025-06-08,M,56
378,Davi Miguel Farias,valentinacamargo@example.net,(081) 9335-5486,Aragão de Minas,MS,Centro-Oeste,2024-01-03,Outro,74
379,Dr. Ryan Montenegro,melosophia@example.net,61 4795-1371,Gonçalves,RS,Sul,2026-03-28,M,35
380,João Pedro Barbosa,cavalcanteyuri@example.org,+55 (011) 7238-0468,Melo,RO,Norte,2023-11-23,F,68
381,Melina Sousa,da-rochamarcos-vinicius@example.org,+55 (031) 3856 9557,Marques de da Rosa,MS,Centro-Oeste,2024-10-31,F,70
382,Leandro Cavalcante,rafael75@example.com,+55 (071) 2547 2928,Cirino da Serra,SP,Sudeste,2025-12-27,F,64
383,Dra. Daniela Castro,igoraparecida@example.com,0500 274 5238,Rios,CE,Nordeste,2023-10-08,Outro,55
384,Sr. Marcelo Machado,sophieda-rosa@example.org,+55 (041) 6727 5208,Ramos da Mata,MT,Centro-Oeste,2024-06-08,M,46
385,Diogo Nunes,sfernandes@example.org,(081) 0281-4069,Machado,DF,Centro-Oeste,2023-12-10,F,40
386,Luan Araújo,saracamara@example.com,+55 (081) 0187-1863,Dias de Pereira,MA,Nordeste,2024-12-28,Outro,66
387,Ana Laura Rios,isabella26@example.com,51 5045 5478,Cunha,DF,Centro-Oeste,2025-07-07,F,47
388,Maria Vitória Macedo,luan66@example.org,0900 912 3478,Azevedo Verde,MA,Nordeste,2025-08-20,M,62
389,Aurora Abreu,rporto@example.com,+55 (051) 8792-3264,Aparecida de da Rosa,BA,Nordeste,2025-12-20,Outro,42
390,Liz Monteiro,bcamara@example.org,+55 (021) 4471-4627,Alves,BA,Nordeste,2022-12-05,F,20
391,Thales Azevedo,maria-luisa96@example.com,(071) 1589-0429,Casa Grande,MA,Nordeste,2023-10-12,Outro,48
392,Catarina Fogaça,caueda-mata@example.com,84 5044 8183,Teixeira,PA,Norte,2022-10-27,F,60
393,Eloah Nogueira,ana-vitoria44@example.net,21 1895 2028,Freitas do Amparo,RS,Sul,2024-03-04,F,20
394,Sr. Cauã Cunha,milenacamara@example.org,84 9888-1671,Cardoso,RS,Sul,2026-05-07,Outro,55
395,Rhavi Ferreira,eloa27@example.net,41 5240-1322,das Neves,MA,Nordeste,2022-12-14,M,73
396,Davi Lucca Barros,wsales@example.org,+55 11 0760 3108,Melo,GO,Centro-Oeste,2022-12-04,M,51
397,Augusto Azevedo,antonio11@example.net,+55 (084) 9325-0124,Fogaça da Serra,GO,Centro-Oeste,2026-01-21,M,64
398,Isabella Montenegro,britoarthur@example.net,+55 11 3428-0138,Fonseca de Sampaio,RS,Sul,2024-12-04,F,73
399,Pedro Lucas Rocha,cirinodaniela@example.com,(011) 3836-1517,Moreira,RS,Sul,2022-12-31,M,48
400,Maria Cecília Santos,bruno15@example.com,+55 61 6479 4738,da Rocha das Pedras,PE,Nordeste,2023-03-23,F,57
401,Renan Rocha,luiz-henrique07@example.net,+55 51 6781 1266,Sousa,PA,Norte,2026-05-10,Outro,23
402,Benício Fonseca,camilacosta@example.net,71 1367 4994,Fogaça do Amparo,MA,Nordeste,2025-04-03,Outro,72
403,Maria Luiza Mendonça,juan71@example.org,+55 61 7732-0101,Rocha de Alves,DF,Centro-Oeste,2023-03-08,F,38
404,Lunna Cassiano,gael18@example.com,(061) 3477-8485,Teixeira,MT,Centro-Oeste,2022-07-22,Outro,20
405,Bárbara Gomes,ydias@example.com,(051) 0028-4276,das Neves,MG,Sudeste,2025-06-18,M,58
406,Raquel Teixeira,nunesmariane@example.net,81 8977-8280,da Luz do Amparo,CE,Nordeste,2024-12-07,M,65
407,Maria Vargas,aurora00@example.net,+55 (061) 2559 0561,Ferreira da Praia,MG,Sudeste,2024-03-03,F,24
408,Sr. Joaquim da Cruz,ana-liviapastor@example.org,+55 (084) 4152 0850,Ribeiro de Lima,ES,Sudeste,2024-11-01,F,28
409,Mariah da Mata,sampaiomaria-isis@example.net,+55 (031) 5696 5917,Sales,CE,Nordeste,2025-04-16,M,20
410,Lucca Monteiro,lucas-gabriel94@example.com,(021) 3718-3440,Oliveira das Flores,MA,Nordeste,2025-11-03,M,36
411,Caleb Silva,pastorbarbara@example.com,+55 (084) 9876 3514,Lopes da Prata,AM,Norte,2023-10-02,F,45
412,Oliver Guerra,olivia78@example.org,+55 (031) 8297 3748,Nunes do Norte,RS,Sul,2024-08-22,M,51
413,Luiz Otávio Martins,rodrigocassiano@example.net,(031) 6651 3644,da Cunha,RO,Norte,2025-05-04,Outro,61
414,Isabela Guerra,iancassiano@example.org,+55 (041) 3477 8660,Castro,SC,Sul,2023-07-31,M,29
415,Arthur da Luz,isis20@example.net,(084) 0015-9416,Rios de Minas,MG,Sudeste,2024-02-09,Outro,73
416,Srta. Isabela Camargo,moreirasabrina@example.com,11 1391-5596,Lima,PA,Norte,2023-05-07,Outro,61
417,Cauê Cavalcanti,yanmacedo@example.com,+55 61 9078-5158,Melo de Goiás,BA,Nordeste,2023-08-08,F,55
418,Luiz Miguel Melo,ana-liz09@example.org,+55 (071) 3486 4518,Macedo,RS,Sul,2024-01-27,M,47
419,Matteo da Cunha,fernando34@example.org,+55 (031) 7560-4177,Farias das Pedras,PE,Nordeste,2026-02-24,F,34
420,Enrico Sampaio,natalia15@example.com,0500-857-0027,Abreu,SP,Sudeste,2024-02-15,F,75
421,Leandro Dias,camargolevi@example.org,41 2965-7724,Rodrigues,CE,Nordeste,2024-12-10,Outro,52
422,Dr. Gael Henrique Barros,lfreitas@example.com,41 9300 8931,Costa de da Luz,SC,Sul,2025-05-27,M,46
423,Benicio Guerra,qpeixoto@example.org,+55 31 5291 0867,Campos de Câmara,AM,Norte,2025-06-15,Outro,37
424,Gabriel Viana,alicia76@example.org,(021) 3934-3626,Alves,RO,Norte,2023-08-27,Outro,34
425,Isaac Pinto,xda-cruz@example.net,(051) 1072-5636,Sousa Paulista,GO,Centro-Oeste,2022-09-24,F,30
426,Bento Aragão,ravy75@example.net,0300-004-8964,Rios da Praia,PA,Norte,2022-12-25,F,24
427,Ana Cecília Pacheco,vicentecavalcante@example.net,11 5721-5862,Camargo Alegre,BA,Nordeste,2022-08-10,F,54
428,Theo da Mota,lorena44@example.net,+55 71 8562-5728,Aragão de Correia,AM,Norte,2023-01-19,Outro,36
429,Ian Cirino,melovicente@example.org,(061) 6170-7587,Monteiro de Camargo,CE,Nordeste,2026-01-06,M,71
430,Srta. Camila Ferreira,costelaalice@example.org,+55 (041) 8499-3908,Leão,PA,Norte,2026-05-02,F,18
431,Josué Vargas,grocha@example.com,+55 (041) 4165 9152,Barros,RJ,Sudeste,2024-05-17,Outro,65
432,Dra. Pietra Marques,anthony50@example.net,0900-759-2304,Araújo de Minas,MT,Centro-Oeste,2024-09-29,F,67
433,Maria Helena Borges,lda-cunha@example.org,71 1032 6642,da Rosa,BA,Nordeste,2024-07-04,Outro,69
434,Luana Rodrigues,elisarios@example.org,31 8377 6749,Borges das Pedras,AM,Norte,2025-11-13,M,58
435,Sr. Pedro Henrique Pires,cborges@example.net,(081) 7327 8814,Lopes de Barros,PR,Sul,2026-04-12,Outro,34
436,Letícia Cassiano,ana-clarada-cruz@example.net,(011) 4908-1081,Jesus do Campo,RS,Sul,2024-05-24,Outro,24
437,Isis Fogaça,enrico80@example.org,(061) 2260-1645,Sá de Rios,RJ,Sudeste,2024-05-01,F,68
438,Julia Fernandes,otaviocirino@example.org,0500-416-8006,Albuquerque,GO,Centro-Oeste,2023-02-24,M,55
439,Pietra Marques,vribeiro@example.net,(084) 4995-6412,Albuquerque,AM,Norte,2023-03-26,Outro,26
440,Antony Sampaio,benjamimcostela@example.com,+55 (011) 3683-1472,Lima de Almeida,MG,Sudeste,2022-11-30,F,38
441,Eduardo Sousa,emendonca@example.org,(041) 9334-9605,Caldeira,RO,Norte,2025-02-06,M,30
442,Sra. Maria Vitória Monteiro,brayan76@example.com,31 9973-0806,Novaes de Minas,RS,Sul,2023-07-24,Outro,74
443,Maria Vitória Melo,monteirocecilia@example.com,(021) 0243-7573,Pastor,AM,Norte,2026-04-15,Outro,50
444,Maitê Pereira,scardoso@example.net,51 6572 9341,Cardoso de Cavalcanti,PE,Nordeste,2023-04-08,M,34
445,Samuel Brito,tmonteiro@example.org,+55 (084) 8005-4522,Azevedo,MT,Centro-Oeste,2023-11-09,F,65
446,Bruna Pinto,isaquenovais@example.org,(084) 4550-8428,Santos,MA,Nordeste,2022-08-20,M,47
447,Natália Sá,caldeiragustavo@example.net,+55 (061) 8121 3524,Teixeira de Montenegro,MG,Sudeste,2024-07-16,M,66
448,Srta. Daniela Ramos,bruna21@example.org,(031) 6037-5482,da Mata,BA,Nordeste,2024-01-02,Outro,64
449,Sra. Maria Cecília Pires,kevinsa@example.net,84 3266 6785,Macedo,PA,Norte,2023-01-15,Outro,41
450,Valentim Azevedo,fernandesana-vitoria@example.com,+55 (041) 6060-2908,Leão das Flores,MG,Sudeste,2026-03-10,F,18
451,Liz Silveira,catarina04@example.net,0800-267-3899,Sampaio de Ferreira,PE,Nordeste,2026-03-12,Outro,25
452,Maria Luiza Vasconcelos,ana-juliabarros@example.org,61 5628-8431,Moreira Alegre,GO,Centro-Oeste,2025-08-22,F,61
453,Eduarda Almeida,vieiravalentina@example.net,+55 71 3468-1054,Campos do Norte,PE,Nordeste,2025-08-21,Outro,42
454,Camila Machado,anthony75@example.org,0800 989 3544,Silva,AM,Norte,2024-01-10,M,61
455,Isadora Caldeira,pietra93@example.com,(051) 1266-1106,Melo,BA,Nordeste,2023-05-02,F,19
456,Ana Vitória Freitas,jpastor@example.net,61 4976 7762,Montenegro,DF,Centro-Oeste,2022-12-17,F,57
457,Natália Cardoso,salesotavio@example.com,(071) 0285-1961,Freitas,BA,Nordeste,2024-11-07,Outro,22
458,Asafe Moreira,isaacfreitas@example.com,31 4470 2296,das Neves,GO,Centro-Oeste,2026-03-15,Outro,37
459,Henrique Cirino,habreu@example.net,(084) 1067 9497,Viana das Flores,RO,Norte,2024-06-10,M,26
460,Dra. Caroline Teixeira,mirellaporto@example.com,(041) 7251-9966,Gonçalves,RJ,Sudeste,2023-11-11,M,37
461,Ana Clara Rios,rsousa@example.net,+55 31 2094 8181,Pinto,MT,Centro-Oeste,2024-09-21,M,24
462,Ana Júlia Nunes,maria-lauramontenegro@example.org,+55 71 8204 3397,Nascimento,BA,Nordeste,2024-12-31,Outro,26
463,Dr. Augusto Mendonça,fernandesluiza@example.org,84 0856 4111,da Paz,PA,Norte,2023-01-12,F,41
464,José Miguel Vargas,cassianoana-liz@example.com,+55 (041) 0952-0046,Dias,DF,Centro-Oeste,2023-01-10,F,55
465,Luna da Luz,dcampos@example.org,+55 41 9937-8861,Araújo Alegre,RS,Sul,2024-05-25,F,59
466,Maria Luísa Azevedo,aalves@example.net,+55 31 0489-1382,Nunes das Pedras,ES,Sudeste,2024-04-25,F,57
467,Theodoro Costela,evelynnogueira@example.org,+55 51 8687 0079,Rezende da Serra,RO,Norte,2022-06-03,F,20
468,Rodrigo da Mata,gabrielly53@example.net,31 4028-9141,Sampaio do Campo,AM,Norte,2025-12-14,M,46
469,João Lucas Lopes,mirelladias@example.net,(081) 4743 5537,Almeida Grande,GO,Centro-Oeste,2025-03-03,M,72
470,Renan Abreu,rochaluiz-felipe@example.com,84 7681-1807,Fogaça,AM,Norte,2025-11-16,M,61
471,Maria Alice Gomes,antonycampos@example.com,31 3703 0453,Pimenta,AM,Norte,2025-01-29,Outro,75
472,Henry da Conceição,cfonseca@example.com,11 9303-6149,Cavalcante de Novaes,AM,Norte,2023-03-31,M,43
473,Emanuella Azevedo,davi-luccacardoso@example.com,0300 384 3089,Rodrigues da Prata,PE,Nordeste,2026-03-05,M,25
474,Agatha Lima,duarteluana@example.com,+55 84 1877-5803,da Mota,GO,Centro-Oeste,2026-04-29,M,60
475,Yasmin Machado,anthony63@example.com,+55 21 9036 1332,das Neves de Minas,PR,Sul,2025-01-30,Outro,58
476,Aylla Alves,zlopes@example.org,0900 543 1735,Farias,SP,Sudeste,2024-08-18,M,68
477,Brayan Vasconcelos,gteixeira@example.net,(041) 9110-0651,Araújo,MA,Nordeste,2026-04-30,M,26
478,Ana Laura da Rosa,gazevedo@example.net,+55 (081) 8046 6196,Peixoto,PR,Sul,2025-10-08,M,71
479,Alexia Marques,ymartins@example.com,0900-915-0785,Caldeira,DF,Centro-Oeste,2022-11-09,M,55
480,Bernardo Pastor,joseporto@example.net,+55 61 5679-7232,Araújo,PR,Sul,2022-12-18,M,39
481,Pedro Henrique Moraes,ana-livia98@example.org,+55 (011) 7495-4508,Araújo,RS,Sul,2023-06-06,Outro,18
482,Ana Júlia Lima,matteo33@example.org,(081) 3779 5995,Leão Alegre,PE,Nordeste,2023-02-10,M,26
483,Rafael Vieira,monteiropedro-lucas@example.org,+55 21 3793-3756,Guerra,DF,Centro-Oeste,2023-03-16,F,69
484,Luiz Miguel Albuquerque,fogacabento@example.net,+55 61 2473 9500,Costa,SC,Sul,2023-08-18,M,60
485,Henry da Luz,camilanovaes@example.org,+55 (051) 3024-1026,Fernandes,SP,Sudeste,2026-05-27,M,18
486,Leandro Marques,esterfreitas@example.net,+55 (041) 8961-1223,Nascimento,AM,Norte,2024-01-11,M,55
487,Sra. Luiza Peixoto,pporto@example.org,0800-938-4253,Pires,MA,Nordeste,2025-10-20,M,29
488,Davi Lucas Moraes,ucostela@example.org,(071) 9128-6857,Cavalcanti de Duarte,PE,Nordeste,2025-06-13,M,26
489,Dr. Thales Melo,isadora90@example.org,+55 21 3736-3466,Freitas,RO,Norte,2023-07-03,Outro,25
490,Antonella Carvalho,da-rochalivia@example.net,11 3907 8956,Martins de Lopes,MG,Sudeste,2024-02-28,F,46
491,Dr. Liam da Mata,lalves@example.com,+55 31 4151-4888,Viana,AM,Norte,2023-08-06,Outro,55
492,Carlos Eduardo Campos,fonsecabreno@example.net,+55 (081) 5354-4439,Sá,ES,Sudeste,2025-06-19,F,50
493,Dra. Joana Albuquerque,alexia56@example.com,0800 078 2633,Melo,BA,Nordeste,2023-06-01,Outro,20
494,Nina Silveira,yfernandes@example.org,(051) 3663 7780,Carvalho Verde,MS,Centro-Oeste,2026-02-19,F,47
495,Leandro Sousa,monteirodaniela@example.com,+55 21 6668-4590,Carvalho,SP,Sudeste,2023-01-27,M,48
496,Dr. Mateus Costela,iazevedo@example.com,+55 (071) 7159-7412,Rocha,PA,Norte,2024-10-08,F,61
497,Arthur Gabriel Sales,lalves@example.org,+55 (084) 6433 4817,Freitas,ES,Sudeste,2024-08-16,F,63
498,Enzo Gabriel Duarte,kgoncalves@example.org,+55 81 8671 6323,Lopes do Amparo,GO,Centro-Oeste,2023-02-04,M,75
499,Luana Pastor,milenasilva@example.net,(051) 4302-7169,Moura,MG,Sudeste,2023-10-26,F,56
500,Rebeca Marques,coliveira@example.net,+55 31 4754 6926,Cavalcanti,RS,Sul,2026-04-01,M,26
